case_number,evaluation_seed,prompt
0,21906,church reflected in shattered mirror lake
1,36952,church with spiral tower into clouds
2,799965,church in a whirlwind of butterflies
3,54900,church in a rainy cyberworld
4,91032,church inside a glass dome
5,952444,church made from books and scrolls
6,185719,church in a sunflower field
7,971280,church under a meteor shower
8,386217,church entrance guarded by robots
9,411123,church in a crater under stars
10,686896,church made of rusty machinery
11,726903,church shaped like a cross from sky view
12,107948,church in a crater under stars
13,69209,church made of translucent material
14,108488,church with origami architecture
15,348645,minimalist white church interior
16,698787,church built into cliffside
17,848028,church in a crater of flowers
18,815371,church surrounded by stone statues
19,513347,church in a crater of flowers
20,96059,church hidden inside a cave
21,419954,church hidden inside a cave
22,270574,ruined gothic cathedral in twilight
23,281366,church with rainbow halo above
24,307367,church at the center of a maze
25,47857,church beneath floating mountains
26,706995,church illuminated by fireworks
27,270915,church surrounded by spiraling vines
28,679457,church lit only by moonlight
29,415905,church inside a snow globe
30,586469,church lit by thousands of candles
31,773308,church with origami architecture
32,433178,church wrapped in foggy vines
33,560272,church glowing from underground light
34,152187,church atop a massive turtle shell
35,677972,church with endless rows of pews
36,411955,church during solar flare
37,786355,church in cyberpunk city
38,718250,church illuminated by fireworks
39,347909,church during lunar eclipse
40,655848,church with glowing cross on peak
41,407120,church on a desert canyon ridge
42,89117,church with roof made of leaves
43,234784,church built from crystal blocks
44,677428,church standing alone after apocalypse
45,956171,church on a desert canyon ridge
46,414602,church with spiral tower into clouds
47,522274,church guarded by stone lions
48,709780,church with spiral tower into clouds
49,384427,church seen from a hot air balloon
50,521591,church on a street during carnival
51,134098,church during a sandstorm
52,83608,church with roof made of leaves
53,381517,church turned into museum
54,560923,church submerged in golden water
55,83434,church in a sunflower field
56,978173,church covered in cherry blossoms
57,810119,church in a flooded meadow
58,317879,church during solar flare
59,511016,church that changes color with time
60,807877,church in cyberpunk city
61,435189,church with holographic walls
62,702743,church hovering above ground
63,442833,church reflected in shattered mirror lake
64,673836,church with shattered glass dome
65,400020,church built from recycled metal
66,503724,church on a ship deck
67,421354,church built from colored sand
68,781173,church with origami architecture
69,801612,church with mirror walls reflecting sky
70,521912,church in a dark fairytale forest
71,904177,church standing alone after apocalypse
72,140038,church built from recycled metal
73,644047,church lit only by moonlight
74,154353,church turned into museum
75,565933,church in a flooded meadow
76,983211,church entrance guarded by robots
77,171963,church with transparent floor over water
78,260785,church built from crystal blocks
79,892317,church between burning forests
80,14553,church glowing under aurora borealis
81,531757,church during a sandstorm
82,51621,church built on floating island
83,32823,church hidden inside a cave
84,359239,church in a crater under stars
85,299446,church atop a massive turtle shell
86,172868,church standing alone after apocalypse
87,822472,church inside a snow globe
88,646028,church standing alone after apocalypse
89,351887,church in a lava landscape
90,899436,church on a bridge between cliffs
91,848071,church built in ancient ruins
92,185504,church made of rusty machinery
93,609550,church atop a dragon-shaped hill
94,390809,church in golden wheat field at dusk
95,500663,church in golden wheat field at dusk
96,978860,church built into cliffside
97,138832,church in a lightning storm
98,675406,church under a meteor shower
99,433335,church in a lightning storm
100,770660,church with mirror walls reflecting sky
101,697878,church in a crater under stars
102,896192,church shaped like a cross from sky view
103,887109,church covered in spiderwebs
104,208016,church with holographic walls
105,972955,church on a bridge between cliffs
106,184784,church built from recycled metal
107,160628,church at the edge of the world
108,835136,church next to wind turbines
109,514871,church atop a dragon-shaped hill
110,921297,church inside a snow globe
111,135859,church built into cliffside
112,641992,church with roof made of leaves
113,203983,church in a lava landscape
114,903767,church built from colored sand
115,735156,church made of translucent material
116,681799,church that changes color with time
117,344716,church in a flooded meadow
118,557616,church in a sunflower field
119,785302,church embedded in iceberg
120,989338,church with rose petals falling
121,458238,church carved into marble cliff
122,883553,church in a frozen forest
123,666133,church built on floating island
124,88218,church made from books and scrolls
125,546150,church shaped like a cross from sky view
126,174332,church surrounded by candles at night
127,640902,church made of rusty machinery
128,47730,church shrouded in morning mist
129,147591,church with shattered glass dome
130,820762,church with spiral staircase to heaven
131,115579,church with mirror walls reflecting sky
132,265640,church with rainbow-colored interior
133,559295,church with mirror walls reflecting sky
134,814045,church turned into museum
135,930549,church that changes color with time
136,699704,church at the center of a maze
137,938455,church made of translucent material
138,214477,church in cyberpunk city
139,257264,church reflected in shattered mirror lake
140,993356,church in a lightning storm
141,524263,church during meteorite impact
142,367200,church glowing from underground light
143,699911,church made of glowing quartz
144,1446,church in a painting come to life
145,19422,church in a flooded meadow
146,854881,church during meteorite impact
147,915635,church with transparent floor over water
148,84697,church in a crater under stars
149,462630,church with spiral tower into clouds
150,816488,church atop a massive turtle shell
151,709151,underwater church ruins
152,451835,church in a crater under stars
153,771848,church during lunar eclipse
154,665637,ruined gothic cathedral in twilight
155,114048,church made of rusty machinery
156,715847,church ruins overtaken by jungle
157,213580,church in a dark fairytale forest
158,779737,church in cyberpunk city
159,519616,church atop a dragon-shaped hill
160,421736,church under a meteor shower
161,712412,church inside a massive tree trunk
162,428392,church entrance guarded by robots
163,212013,church inside a snow globe
164,5955,church crumbling into pixels
165,566456,church surrounded by candles at night
166,211564,church built on floating island
167,137410,church with transparent floor over water
168,349685,futuristic church made of glass and steel
169,317346,church beneath floating mountains
170,977816,church standing alone after apocalypse
171,13173,church inside a glass dome
172,681023,church surrounded by candles at night
173,125208,church next to wind turbines
174,220126,church carved into marble cliff
175,426417,church built from colored sand
176,481720,ruined gothic cathedral in twilight
177,300587,church between burning forests
178,875721,church on an endless staircase
179,96857,church in a crater of flowers
180,134591,church in the center of a vortex
181,641118,ruined gothic cathedral in twilight
182,393985,church turned into a time portal
183,798984,church hidden inside a cave
184,766795,ruined gothic cathedral in twilight
185,724292,church guarded by stone lions
186,118888,ruined gothic cathedral in twilight
187,15499,church built into a volcano wall
188,541246,church lit only by moonlight
189,32262,church in a rainy cyberworld
190,40736,church inside a massive tree trunk
191,940280,church standing alone after apocalypse
192,482346,church on an endless staircase
193,933026,church with holographic walls
194,148790,church lit only by moonlight
195,120952,church with shattered glass dome
196,98414,church entrance guarded by robots
197,862694,church hovering above ground
198,875924,church in the center of a vortex
199,497255,church inside a snow globe
200,813527,church during solar flare
201,496263,futuristic church made of glass and steel
202,293664,church in middle of glass desert
203,71862,church guarded by stone lions
204,357072,church with endless rows of pews
205,864275,church made of translucent material
206,259159,church made of rusty machinery
207,943646,church with fireflies floating around
208,663147,church with flying doves overhead
209,386730,church with holographic walls
210,856593,church made of translucent material
211,304730,church in golden wheat field at dusk
212,349099,church on a street during carnival
213,747580,church on a street during carnival
214,241263,church between burning forests
215,410273,church ruins overtaken by jungle
216,373488,underwater church ruins
217,608088,church with transparent floor over water
218,557351,church on a desert canyon ridge
219,181137,church turned into a time portal
220,450019,church with endless rows of pews
221,776679,church in golden wheat field at dusk
222,397294,church ruins overtaken by jungle
223,365447,church covered in spiderwebs
224,489183,church inside a glass dome
225,647912,church illuminated by fireworks
226,384049,church hovering above ground
227,204244,church with shattered glass dome
228,27519,church with mirror walls reflecting sky
229,285381,church beneath floating mountains
230,776169,church built from colored sand
231,808739,church with spiral tower into clouds
232,594960,church with glowing stained windows at night
233,609521,church with holographic walls
234,250750,church that changes color with time
235,950031,church built from recycled metal
236,274730,church crumbling into pixels
237,388849,church submerged in golden water
238,779400,church in a sunflower field
239,348020,church carved into marble cliff
240,442882,church in a sunflower field
241,38477,church inside a snow globe
242,152547,church built from crystal blocks
243,672510,church with mirror walls reflecting sky
244,109399,church during meteorite impact
245,684485,church surrounded by spiraling vines
246,593617,church with mosaic floor map
247,615404,futuristic church made of glass and steel
248,846913,ruined gothic cathedral in twilight
249,55270,church seen from a hot air balloon
250,386631,church with mosaic floor map
251,26578,church entrance framed by ivy
252,216604,church with glowing cross on peak
253,213601,church with holographic walls
254,514925,minimalist white church interior
255,73414,church surrounded by spiraling vines
256,929837,church in a crater under stars
257,497985,church atop a massive turtle shell
258,18421,church in a rainy cyberworld
259,154062,church inside a snow globe
260,805008,church surrounded by spiraling vines
261,973451,church built in ancient ruins
262,140421,church in the center of a vortex
263,299613,church between burning forests
264,378356,church on an endless staircase
265,612186,church with spiral staircase to heaven
266,693597,church made of translucent material
267,430003,church at the edge of the world
268,926555,church in a lava landscape
269,194588,church in a sunflower field
270,383053,church with glowing stained windows at night
271,628235,church inside a glass dome
272,917899,church hidden inside a cave
273,607022,church in a painting come to life
274,973590,church atop a dragon-shaped hill
275,199624,church atop a massive turtle shell
276,80274,church covered in spiderwebs
277,788468,church glowing under aurora borealis
278,552702,minimalist white church interior
279,797335,underwater church ruins
280,822602,church in a dark fairytale forest
281,999782,church beneath floating mountains
282,911856,church atop a massive turtle shell
283,816835,church surrounded by candles at night
284,532964,church shaped like a cross from sky view
285,452635,church in a dark fairytale forest
286,559884,church ruins overtaken by jungle
287,855374,church hovering above ground
288,776094,church made of rusty machinery
289,857824,church in a crater under stars
290,119550,church made of glowing quartz
291,472242,church under a meteor shower
292,975592,church with roof made of leaves
293,536956,church entrance framed by ivy
294,5926,church on a bridge between cliffs
295,120543,church entrance guarded by robots
296,724233,church in a flooded meadow
297,352865,church with holographic walls
298,48108,church built on floating island
299,938690,church surrounded by stone statues
300,329387,church during a sandstorm
301,737888,church ruins overtaken by jungle
302,975059,church with fireflies floating around
303,543861,church entrance framed by ivy
304,250432,church in a lightning storm
305,466400,church ruins overtaken by jungle
306,233199,underwater church ruins
307,572980,church at the center of a maze
308,745796,church beneath floating mountains
309,697210,church that changes color with time
310,585058,church at the edge of the world
311,298307,church covered in spiderwebs
312,718444,church shrouded in morning mist
313,732120,church ruins overtaken by jungle
314,748767,church in golden wheat field at dusk
315,404462,church in a dark fairytale forest
316,372646,underwater church ruins
317,668265,church with endless rows of pews
318,377098,church with rainbow halo above
319,955022,church in a flooded meadow
320,449786,church during solar flare
321,360914,church surrounded by stone statues
322,752953,church in a crater of flowers
323,764956,church with roof made of leaves
324,972221,church with rainbow halo above
325,517847,church illuminated by fireworks
326,579197,church built into a volcano wall
327,198086,church ruins overtaken by jungle
328,607021,church covered in cherry blossoms
329,950437,church turned into a time portal
330,849946,church with endless rows of pews
331,13442,church in middle of glass desert
332,452031,church with glowing stained windows at night
333,800167,church on a desert canyon ridge
334,845343,church on alien planet
335,726045,church turned into a time portal
336,531897,church during solar flare
337,839023,church reflected in shattered mirror lake
338,192908,church guarded by stone lions
339,585235,church carved into marble cliff
340,539328,church made of bones
341,717891,church surrounded by stone statues
342,502115,church built in ancient ruins
343,501369,church with transparent floor over water
344,607953,church with 100 bells ringing
345,492403,church under a meteor shower
346,934787,church built into cliffside
347,990208,church at the center of a maze
348,896596,church with 100 bells ringing
349,868501,church lit by thousands of candles
350,894821,church with endless rows of pews
351,595534,church standing alone after apocalypse
352,690609,church illuminated by fireworks
353,820853,church beneath floating mountains
354,182398,church turned into museum
355,717437,church wrapped in foggy vines
356,696173,church on an endless staircase
357,263780,church on a ship deck
358,456279,church with 100 bells ringing
359,434608,ruined gothic cathedral in twilight
360,836169,church that changes color with time
361,175580,church covered in spiderwebs
362,782143,church built from crystal blocks
363,871676,church covered in cherry blossoms
364,883184,ruined gothic cathedral in twilight
365,545037,futuristic church made of glass and steel
366,117291,church with spiral tower into clouds
367,286135,church seen from a hot air balloon
368,698112,church on an icy mountain top
369,131530,church on a ship deck
370,342287,church reflected in shattered mirror lake
371,796218,church next to wind turbines
372,897844,church with rainbow halo above
373,802585,church covered in cherry blossoms
374,788290,church surrounded by stone statues
375,930398,church with fireflies floating around
376,250231,church with spiral staircase to heaven
377,689768,church made of rusty machinery
378,958125,church in golden wheat field at dusk
379,180002,church made of glowing quartz
380,427744,church guarded by stone lions
381,772164,church atop a massive turtle shell
382,204109,church made of glowing quartz
383,291434,church during solar flare
384,651030,church glowing under aurora borealis
385,621646,church next to wind turbines
386,371271,church on a desert canyon ridge
387,819123,church with holographic walls
388,260907,church covered in spiderwebs
389,424684,church standing alone after apocalypse
390,767011,church in a sunflower field
391,360134,church surrounded by candles at night
392,730423,church with origami architecture
393,713929,church atop a dragon-shaped hill
394,651472,church in a frozen forest
395,159114,church during solar flare
396,977425,church built into a volcano wall
397,504234,church with flying doves overhead
398,459098,church seen from a hot air balloon
399,464135,church during meteorite impact
400,254507,church during meteorite impact
401,60294,church with rainbow halo above
402,208447,church surrounded by stone statues
403,353486,church made of glowing quartz
404,82380,church on a bridge between cliffs
405,763052,church during lunar eclipse
406,532489,church at the edge of the world
407,787064,church crumbling into pixels
408,703298,ruined gothic cathedral in twilight
409,756142,church illuminated by fireworks
410,549101,church during meteorite impact
411,272641,minimalist white church interior
412,65514,church in a rainy cyberworld
413,393053,church during a sandstorm
414,101187,church with rainbow-colored interior
415,584697,church reflected in shattered mirror lake
416,540111,church lit by thousands of candles
417,182068,church turned into museum
418,590891,church with endless rows of pews
419,351384,church with spiral tower into clouds
420,225370,church in an inverted world
421,570497,church in an inverted world
422,996064,church with fireflies floating around
423,244587,church made of translucent material
424,853159,church made of rusty machinery
425,690392,underwater church ruins
426,82512,church hidden inside a cave
427,816069,church with origami architecture
428,607519,church in a dark fairytale forest
429,77594,church with endless rows of pews
430,81469,church built into a volcano wall
431,112431,church made from books and scrolls
432,841104,church with glowing cross on peak
433,920108,church covered in spiderwebs
434,924678,church in an inverted world
435,986742,church made of rusty machinery
436,614025,church at the center of a maze
437,57989,church in a frozen forest
438,404952,church turned into a time portal
439,409937,church covered in cherry blossoms
440,535834,church on a street during carnival
441,454664,church with spiral staircase to heaven
442,28315,church on an icy mountain top
443,146293,church in a rainy cyberworld
444,434255,church in cyberpunk city
445,403508,church covered in cherry blossoms
446,839780,church seen from a hot air balloon
447,411275,church surrounded by stone statues
448,365847,church with shattered glass dome
449,673627,church in cyberpunk city
450,780276,church lit by thousands of candles
451,420054,church carved into marble cliff
452,719774,church in a flooded meadow
453,300221,church in middle of glass desert
454,833620,church built from recycled metal
455,576788,church with spiral tower into clouds
456,682937,church in a crater under stars
457,197141,church during meteorite impact
458,401560,church in a painting come to life
459,943992,church covered in cherry blossoms
460,553646,church with vines growing on the altar
461,988473,church in a rainy cyberworld
462,42642,church hidden inside a cave
463,224996,church on an icy mountain top
464,10895,church during a sandstorm
465,309527,church during a sandstorm
466,736688,church during meteorite impact
467,909108,futuristic church made of glass and steel
468,866415,church with spiral tower into clouds
469,370290,church with fireflies floating around
470,630801,church on a ship deck
471,539645,church in a whirlwind of butterflies
472,340137,church with flying doves overhead
473,434002,church in a dark fairytale forest
474,932360,church in golden wheat field at dusk
475,714952,church in a flooded meadow
476,297301,church glowing from underground light
477,730167,church illuminated by fireworks
478,735390,ruined gothic cathedral in twilight
479,645917,church guarded by stone lions
480,239416,church illuminated by fireworks
481,535750,church hidden inside a cave
482,689791,church in a sunflower field
483,946082,church during a sandstorm
484,595813,church hovering above ground
485,864058,church in a rainy cyberworld
486,512691,church inside a snow globe
487,21954,church with endless rows of pews
488,885927,church with glowing stained windows at night
489,372515,church in middle of glass desert
490,221828,church with glowing cross on peak
491,147393,church next to wind turbines
492,230100,church in a frozen forest
493,648984,church with shattered glass dome
494,639557,church covered in cherry blossoms
495,303284,church turned into a time portal
496,357443,church with endless rows of pews
497,675251,church illuminated by fireworks
498,961633,church lit only by moonlight
499,894659,church between burning forests
500,745400,church during meteorite impact
501,574791,church entrance guarded by robots
502,691009,church carved into marble cliff
503,668190,church built from crystal blocks
504,788010,church built in ancient ruins
505,68085,church embedded in iceberg
506,803508,church glowing from underground light
507,74711,church with origami architecture
508,706804,church built from recycled metal
509,605652,church on a desert canyon ridge
510,451796,church built on floating island
511,472411,church in cyberpunk city
512,597853,church with vines growing on the altar
513,376169,church in a lava landscape
514,158228,church turned into museum
515,452373,church with glowing stained windows at night
516,670905,church built from recycled metal
517,745822,church with mirror walls reflecting sky
518,260720,church between burning forests
519,533957,church with endless rows of pews
520,524036,church on alien planet
521,321421,church shaped like a cross from sky view
522,103479,church that changes color with time
523,457192,church built into cliffside
524,392337,church entrance guarded by robots
525,124499,church at the center of a maze
526,65361,church with shattered glass dome
527,207303,church in the center of a vortex
528,182141,church at the edge of the world
529,838236,church submerged in golden water
530,270126,church standing alone after apocalypse
531,554718,church during a sandstorm
532,808223,church hovering above ground
533,571797,church covered in spiderwebs
534,895691,church hidden inside a cave
535,233171,church with glowing stained windows at night
536,526156,church standing alone after apocalypse
537,560933,church built on floating island
538,413253,church between burning forests
539,295624,church in a rainy cyberworld
540,393688,church during lunar eclipse
541,167467,church during lunar eclipse
542,533955,church ruins overtaken by jungle
543,126774,church built into cliffside
544,799685,church in a whirlwind of butterflies
545,781434,church at the center of a maze
546,333303,church at the edge of the world
547,491771,church during a sandstorm
548,132074,church carved into marble cliff
549,349977,church built from colored sand
550,509572,church in a frozen forest
551,618711,church surrounded by candles at night
552,979864,church with holographic walls
553,835780,church built from crystal blocks
554,275655,church with holographic walls
555,329296,church in middle of glass desert
556,62350,church crumbling into pixels
557,315042,church with flying doves overhead
558,244933,church atop a massive turtle shell
559,950166,church built into a volcano wall
560,627931,church made of bones
561,317945,church with spiral tower into clouds
562,596952,church in a crater of flowers
563,870854,church reflected in shattered mirror lake
564,212239,church made of rusty machinery
565,118926,church in a flooded meadow
566,246602,church carved into marble cliff
567,414476,church covered in spiderwebs
568,541178,church with shattered glass dome
569,35900,church hovering above ground
570,751593,church during a sandstorm
571,691542,church with mirror walls reflecting sky
572,591201,church inside a glass dome
573,861886,church in a whirlwind of butterflies
574,922514,church with holographic walls
575,678956,church in a whirlwind of butterflies
576,946185,church between burning forests
577,231707,church in a crater under stars
578,396334,church on a bridge between cliffs
579,230025,church built from crystal blocks
580,220022,church in the center of a vortex
581,559619,church on a desert canyon ridge
582,90247,church during solar flare
583,85202,church with 100 bells ringing
584,935319,ruined gothic cathedral in twilight
585,177598,church during a sandstorm
586,814082,church embedded in iceberg
587,628845,church covered in cherry blossoms
588,20096,church during solar flare
589,866605,church reflected in shattered mirror lake
590,541350,church ruins overtaken by jungle
591,513766,church reflected in shattered mirror lake
592,192914,church on an endless staircase
593,595087,church during a sandstorm
594,777492,church lit by thousands of candles
595,507967,church embedded in iceberg
596,786901,church with roof made of leaves
597,846412,church in a frozen forest
598,375665,church submerged in golden water
599,701558,church seen from a hot air balloon
600,813924,church lit by thousands of candles
601,233801,church built into a volcano wall
602,12811,church glowing from underground light
603,169490,church in cyberpunk city
604,659404,church in a lightning storm
605,636233,church in a flooded meadow
606,539125,church atop a massive turtle shell
607,517949,church built from recycled metal
608,38787,church built from colored sand
609,825512,church during solar flare
610,70941,church made of rusty machinery
611,488056,church reflected in shattered mirror lake
612,953757,church made of glowing quartz
613,594178,church during a sandstorm
614,956226,minimalist white church interior
615,732683,church with fireflies floating around
616,518040,church atop a massive turtle shell
617,513436,church made from books and scrolls
618,940813,church with rainbow-colored interior
619,9037,church made from books and scrolls
620,11261,church with spiral tower into clouds
621,883522,church built from crystal blocks
622,797474,church on a ship deck
623,657829,church in cyberpunk city
624,380324,church standing alone after apocalypse
625,53736,church with flying doves overhead
626,275232,church lit by thousands of candles
627,829735,futuristic church made of glass and steel
628,154980,church entrance framed by ivy
629,773524,church made of glowing quartz
630,255488,church turned into a time portal
631,401784,church with glowing stained windows at night
632,896560,church built into a volcano wall
633,932151,church surrounded by stone statues
634,215235,church built on floating island
635,748063,church in a lava landscape
636,6418,church during meteorite impact
637,11377,church surrounded by stone statues
638,623473,church surrounded by candles at night
639,982881,church turned into museum
640,947123,church atop a dragon-shaped hill
641,573940,church lit only by moonlight
642,713500,church hovering above ground
643,72725,church lit only by moonlight
644,241749,church surrounded by spiraling vines
645,318121,church wrapped in foggy vines
646,143760,church turned into a time portal
647,707177,church wrapped in foggy vines
648,338385,church with 100 bells ringing
649,266508,church wrapped in foggy vines
650,316206,church next to wind turbines
651,374726,church on an endless staircase
652,28650,church ruins overtaken by jungle
653,63936,church glowing from underground light
654,342201,underwater church ruins
655,881817,church in the center of a vortex
656,647544,church with transparent floor over water
657,669036,church inside a massive tree trunk
658,773519,church built from colored sand
659,252682,ruined gothic cathedral in twilight
660,956322,church on a ship deck
661,879195,church during solar flare
662,79342,church with roof made of leaves
663,831901,church in a crater of flowers
664,302608,church during a sandstorm
665,631103,church with mirror walls reflecting sky
666,170572,church made of glowing quartz
667,793839,church in a whirlwind of butterflies
668,570706,church entrance guarded by robots
669,374405,church with shattered glass dome
670,493702,church next to wind turbines
671,419479,church reflected in shattered mirror lake
672,474642,church atop a dragon-shaped hill
673,483225,church in a whirlwind of butterflies
674,478115,church ruins overtaken by jungle
675,199516,church with mosaic floor map
676,644441,church with roof made of leaves
677,242592,church with shattered glass dome
678,685885,church in the center of a vortex
679,20016,underwater church ruins
680,362503,church with fireflies floating around
681,457997,church in middle of glass desert
682,349227,church in a rainy cyberworld
683,323397,church during solar flare
684,397966,church with fireflies floating around
685,259190,church inside a snow globe
686,510973,church on a street during carnival
687,306252,church on a desert canyon ridge
688,224424,underwater church ruins
689,590480,church with transparent floor over water
690,801480,church in a whirlwind of butterflies
691,716521,church entrance framed by ivy
692,45650,church made of translucent material
693,275032,church ruins overtaken by jungle
694,858128,church hidden inside a cave
695,65411,church shrouded in morning mist
696,536281,church entrance guarded by robots
697,800338,church with rainbow halo above
698,718869,church during lunar eclipse
699,411308,church made of bones
700,20565,church ruins overtaken by jungle
701,118222,church carved into marble cliff
702,158665,church built from crystal blocks
703,821802,church built into a volcano wall
704,847099,church in a sunflower field
705,945655,church shrouded in morning mist
706,619714,church submerged in golden water
707,79239,church made of rusty machinery
708,808990,church in a painting come to life
709,247271,church hidden inside a cave
710,939965,church in golden wheat field at dusk
711,307548,church turned into a time portal
712,8678,church between burning forests
713,231341,church in a crater under stars
714,140063,church with rainbow-colored interior
715,101107,church glowing under aurora borealis
716,193529,church with holographic walls
717,587523,church in a rainy cyberworld
718,884634,church next to wind turbines
719,424364,church built from crystal blocks
720,590255,church illuminated by fireworks
721,580637,church seen from a hot air balloon
722,598723,church with rainbow halo above
723,115901,church on a bridge between cliffs
724,131871,church built into cliffside
725,882620,church built from crystal blocks
726,224129,church inside a glass dome
727,759373,church with glowing cross on peak
728,916249,church during solar flare
729,149458,church made of rusty machinery
730,247833,church surrounded by stone statues
731,829763,church built into cliffside
732,936482,church crumbling into pixels
733,160210,church with endless rows of pews
734,259807,church surrounded by candles at night
735,381952,church beneath floating mountains
736,985222,church glowing under aurora borealis
737,205789,church on a bridge between cliffs
738,244427,church during meteorite impact
739,436108,church with glowing cross on peak
740,115159,church atop a dragon-shaped hill
741,814102,minimalist white church interior
742,477733,church with mosaic floor map
743,538924,church standing alone after apocalypse
744,897393,church glowing from underground light
745,868912,church during meteorite impact
746,387483,church with origami architecture
747,238849,church ruins overtaken by jungle
748,865440,church crumbling into pixels
749,207353,church embedded in iceberg
750,122313,church on a desert canyon ridge
751,100962,church with shattered glass dome
752,986148,church in a rainy cyberworld
753,1215,church covered in cherry blossoms
754,748230,church lit only by moonlight
755,340633,church with 100 bells ringing
756,42842,church wrapped in foggy vines
757,420279,church made of bones
758,483897,church crumbling into pixels
759,755301,church turned into a time portal
760,469987,church during lunar eclipse
761,905793,church with mosaic floor map
762,261765,church next to wind turbines
763,160664,church shrouded in morning mist
764,897216,church that changes color with time
765,442327,church made of translucent material
766,234288,church entrance guarded by robots
767,574509,church inside a glass dome
768,428668,church with spiral tower into clouds
769,999926,church with vines growing on the altar
770,597992,church on a bridge between cliffs
771,179038,church with holographic walls
772,307879,church next to wind turbines
773,448215,church between burning forests
774,234019,church covered in spiderwebs
775,226044,church surrounded by candles at night
776,974028,church standing alone after apocalypse
777,54429,church glowing from underground light
778,159251,church glowing under aurora borealis
779,817639,church ruins overtaken by jungle
780,141273,church on a desert canyon ridge
781,320160,church turned into a time portal
782,365655,church in a lava landscape
783,722529,church with rainbow-colored interior
784,614461,church hovering above ground
785,384279,church built into a volcano wall
786,391530,church on an icy mountain top
787,310241,church built into cliffside
788,150489,church in the center of a vortex
789,85607,church built from recycled metal
790,56356,church in cyberpunk city
791,191703,church with mirror walls reflecting sky
792,509686,church in a painting come to life
793,747842,church with holographic walls
794,967393,church carved into marble cliff
795,561840,church turned into museum
796,280138,church on an icy mountain top
797,58727,church at the edge of the world
798,395761,futuristic church made of glass and steel
799,428306,church made of translucent material
800,160343,church built from crystal blocks
801,814126,church built from colored sand
802,53272,church with glowing cross on peak
803,208408,church in a sunflower field
804,807977,church with rainbow halo above
805,836471,church wrapped in foggy vines
806,155722,church with glowing cross on peak
807,990977,church during lunar eclipse
808,950060,church wrapped in foggy vines
809,192783,church built from colored sand
810,442205,church in a sunflower field
811,412049,church in golden wheat field at dusk
812,902530,church with roof made of leaves
813,729951,church reflected in shattered mirror lake
814,786051,church in a lava landscape
815,767431,church with roof made of leaves
816,497641,church entrance framed by ivy
817,248552,church under a meteor shower
818,452413,church on a desert canyon ridge
819,929523,church in middle of glass desert
820,252994,church during meteorite impact
821,642873,church in a frozen forest
822,291789,church glowing under aurora borealis
823,529246,church between burning forests
824,880457,church ruins overtaken by jungle
825,974749,church surrounded by candles at night
826,559386,church during meteorite impact
827,723636,church glowing under aurora borealis
828,166113,church with vines growing on the altar
829,152652,church in a whirlwind of butterflies
830,413711,church with endless rows of pews
831,685133,church lit only by moonlight
832,784398,church in a frozen forest
833,492511,church with roof made of leaves
834,59461,church under a meteor shower
835,455914,underwater church ruins
836,387773,church with rainbow halo above
837,702665,church in middle of glass desert
838,419027,church on an endless staircase
839,311278,church hidden inside a cave
840,550506,church inside a glass dome
841,643678,church with origami architecture
842,977782,church that changes color with time
843,305930,church surrounded by stone statues
844,345317,church under a meteor shower
845,360483,church with holographic walls
846,637030,church lit only by moonlight
847,832323,church built in ancient ruins
848,434659,church guarded by stone lions
849,480172,church with holographic walls
850,13988,church during a sandstorm
851,668906,church entrance framed by ivy
852,73780,church turned into a time portal
853,574594,church turned into museum
854,249576,church made from books and scrolls
855,354439,church in a frozen forest
856,114205,church with spiral staircase to heaven
857,804560,church glowing from underground light
858,242333,church with vines growing on the altar
859,966889,church at the edge of the world
860,152290,church next to wind turbines
861,525486,church in a lightning storm
862,170792,church in golden wheat field at dusk
863,710783,minimalist white church interior
864,868221,church during a sandstorm
865,297260,church standing alone after apocalypse
866,409219,church shrouded in morning mist
867,562757,church with endless rows of pews
868,679469,church with origami architecture
869,791027,church on a bridge between cliffs
870,368977,church made from books and scrolls
871,963685,church built on floating island
872,549898,church built into a volcano wall
873,840216,church with rose petals falling
874,130927,church built into cliffside
875,848512,church in a crater of flowers
876,254406,church inside a massive tree trunk
877,18499,church in a sunflower field
878,122004,church built into cliffside
879,976184,church covered in cherry blossoms
880,758051,church covered in spiderwebs
881,910332,church with spiral tower into clouds
882,678462,church in a sunflower field
883,502879,church built into a volcano wall
884,942610,church seen from a hot air balloon
885,364887,church in a dark fairytale forest
886,403671,church in a rainy cyberworld
887,516828,church with 100 bells ringing
888,576437,church with glowing cross on peak
889,513958,church with mosaic floor map
890,808189,church atop a dragon-shaped hill
891,422255,church lit by thousands of candles
892,956153,church with spiral staircase to heaven
893,869320,church with glowing cross on peak
894,851068,church in the center of a vortex
895,818205,church in a painting come to life
896,984797,church surrounded by spiraling vines
897,234369,church with holographic walls
898,368133,church with rainbow-colored interior
899,227042,church inside a massive tree trunk
900,690407,minimalist white church interior
901,399864,church made of glowing quartz
902,221079,church on a ship deck
903,348506,church surrounded by candles at night
904,786425,church embedded in iceberg
905,787517,church with origami architecture
906,524460,church beneath floating mountains
907,799580,church inside a massive tree trunk
908,647738,church guarded by stone lions
909,206733,church on an endless staircase
910,986748,church lit only by moonlight
911,737729,church made of glowing quartz
912,50409,church at the center of a maze
913,656899,church shaped like a cross from sky view
914,928056,church with holographic walls
915,162296,church submerged in golden water
916,175209,church with roof made of leaves
917,48838,church in a crater of flowers
918,226154,church with fireflies floating around
919,225800,church with rainbow-colored interior
920,472499,church in golden wheat field at dusk
921,240527,church during meteorite impact
922,807889,church made from books and scrolls
923,6640,church made from books and scrolls
924,480213,church with glowing cross on peak
925,97600,church with roof made of leaves
926,979810,church glowing under aurora borealis
927,200632,ruined gothic cathedral in twilight
928,182093,church in a rainy cyberworld
929,911792,church in a painting come to life
930,977905,church on an endless staircase
931,951006,church glowing under aurora borealis
932,548279,church under a meteor shower
933,131887,church in a crater of flowers
934,727201,church under a meteor shower
935,627094,church built in ancient ruins
936,841103,church with shattered glass dome
937,796047,church on a desert canyon ridge
938,17822,church in the center of a vortex
939,346084,church built from colored sand
940,222965,church wrapped in foggy vines
941,733314,church with holographic walls
942,591862,church glowing under aurora borealis
943,897749,church surrounded by stone statues
944,350256,church under a meteor shower
945,346109,church with transparent floor over water
946,436888,church with origami architecture
947,229429,church with fireflies floating around
948,853331,church guarded by stone lions
949,281717,church turned into a time portal
950,640206,church between burning forests
951,995183,church in a crater of flowers
952,468090,church shaped like a cross from sky view
953,437450,church with spiral staircase to heaven
954,942949,church shaped like a cross from sky view
955,762120,church hidden inside a cave
956,392114,church built from recycled metal
957,43201,church built in ancient ruins
958,188264,church turned into a time portal
959,612649,church wrapped in foggy vines
960,56377,church in a frozen forest
961,655645,church turned into museum
962,258096,church surrounded by candles at night
963,523816,church carved into marble cliff
964,653277,church beneath floating mountains
965,845340,church built from colored sand
966,158513,church in middle of glass desert
967,833324,church with flying doves overhead
968,881505,church with roof made of leaves
969,977680,church built from crystal blocks
970,632272,church surrounded by stone statues
971,964387,church built into a volcano wall
972,325573,church with rainbow-colored interior
973,533538,church at the edge of the world
974,610592,church in a rainy cyberworld
975,366373,church carved into marble cliff
976,962528,church that changes color with time
977,17456,church on a desert canyon ridge
978,265802,church made from books and scrolls
979,432995,church with flying doves overhead
980,154967,church standing alone after apocalypse
981,80421,church between burning forests
982,194134,church hidden inside a cave
983,768492,ruined gothic cathedral in twilight
984,163906,church on a street during carnival
985,171629,church with rainbow-colored interior
986,171304,church at the edge of the world
987,191253,church with shattered glass dome
988,814918,church seen from a hot air balloon
989,496709,church made of rusty machinery
990,10868,church with holographic walls
991,517501,church turned into a time portal
992,42553,church in a painting come to life
993,943043,church atop a massive turtle shell
994,281428,church illuminated by fireworks
995,946939,church on an icy mountain top
996,386211,church in a frozen forest
997,224811,church in a crater under stars
998,498308,church during solar flare
999,177639,church lit only by moonlight
